Date,Temperature,Humidity,Precipitation
01-01-2020,13.28,53.28,2.64
02-01-2020,7.25,44.16,0.82
03-01-2020,14.32,88.8,0.57
04-01-2020,18.9,35.26,3.43
05-01-2020,20.73,33.08,1.81
06-01-2020,0.99,37.04,1.92
07-01-2020,21.49,42.01,1.14
08-01-2020,9.75,51.43,3.57
09-01-2020,5.78,60.73,3.44
10-01-2020,15.74,33.48,38.31
11-01-2020,11.24,86.75,3.35
12-01-2020,-1.49,74.89,0.41
13-01-2020,19.79,72.64,2.32
14-01-2020,14.18,47.23,0.71
15-01-2020,20.03,30.36,0.1
16-01-2020,18.13,40.65,0.56
17-01-2020,11.83,72.34,0.03
18-01-2020,12.06,74.94,0.87
19-01-2020,14.1,69.94,0.6
20-01-2020,11.33,76.25,4.15
21-01-2020,15.05,69.33,4.57
22-01-2020,17.42,30.63,1.23
23-01-2020,12.72,40.39,14.19
24-01-2020,16.44,53.96,2.1
25-01-2020,19.24,54.62,1.74
26-01-2020,14.36,75.51,0.17
27-01-2020,10.44,83.58,2.75
28-01-2020,7.64,72.05,0.46
29-01-2020,17,82.86,29.26
30-01-2020,18.18,68.77,0.03
31-01-2020,21.19,69.55,0.1
01-02-2020,10.07,71.2,7.08
02-02-2020,13.42,61.91,53.59
03-02-2020,20.84,76.33,1.95
04-02-2020,18.34,36.39,0.82
05-02-2020,12.31,64.62,0.38
06-02-2020,17.51,67.93,0.89
07-02-2020,21.7,65.7,1.78
08-02-2020,20.78,35.22,1.62
09-02-2020,20.17,47.05,2.82
10-02-2020,21.99,67.55,1.24
11-02-2020,24.88,44.68,2.27
12-02-2020,12.99,48.7,3.59
13-02-2020,14.6,42.41,0.52
14-02-2020,18.92,56.14,1.61
15-02-2020,24.17,85.77,2.26
16-02-2020,17.9,64.72,1.19
17-02-2020,14.57,52.6,0.88
18-02-2020,21.55,81.2,8.4
19-02-2020,24.56,73.28,2.44
20-02-2020,25.07,58.21,2.26
21-02-2020,19.19,63.72,45.74
22-02-2020,29.26,49.91,0.54
23-02-2020,16.47,30.59,5.15
24-02-2020,19.97,40.18,1.51
25-02-2020,25.91,61.05,2
26-02-2020,17.68,78.76,7.31
27-02-2020,35.19,50.39,0.88
28-02-2020,32.12,41.53,0.89
29-02-2020,16.75,39.9,1.83
01-03-2020,27.81,48.79,2.73
02-03-2020,20.01,63.65,0.09
03-03-2020,31.86,60.64,2.29
04-03-2020,28.95,74.75,0.3
05-03-2020,23.79,65.12,0.38
06-03-2020,25.51,89.65,0.23
07-03-2020,18,61.29,6.9
08-03-2020,22.78,73.78,3.99
09-03-2020,17.24,40.5,1.68
10-03-2020,27.69,84.71,0.07
11-03-2020,32.58,75.63,2.07
12-03-2020,25.09,35.35,2.36
13-03-2020,18.68,37.05,1.63
14-03-2020,27.37,72.75,34.49
15-03-2020,26.51,61.07,0
16-03-2020,29.95,43.81,2.35
17-03-2020,26.26,42.24,0.26
18-03-2020,24.68,67.26,3.16
19-03-2020,34.1,78.87,0.82
20-03-2020,36.92,37.97,1.76
21-03-2020,26.26,44.58,1.24
22-03-2020,20.88,48.15,0.71
23-03-2020,27.49,61.72,0.31
24-03-2020,28.38,76.81,2.54
25-03-2020,19.72,54.15,0.53
26-03-2020,23.54,66.34,1.72
27-03-2020,32.42,33.31,0.31
28-03-2020,24.09,31.54,1.59
29-03-2020,26.62,56.88,49.67
30-03-2020,30.27,85.02,0.12
31-03-2020,24.71,56.9,0.73
01-04-2020,29.74,35.82,0.59
02-04-2020,36.73,88.64,5.08
03-04-2020,21.65,68.82,0.66
04-04-2020,25.62,40.24,1.46
05-04-2020,25.25,86.59,0.69
06-04-2020,27.89,62.53,4.39
07-04-2020,18.61,48.96,1.67
08-04-2020,31.44,81.84,1.56
09-04-2020,19.11,82.41,0.79
10-04-2020,26.24,86.56,0.22
11-04-2020,27.89,63.87,5.31
12-04-2020,24.82,57.32,0.56
13-04-2020,22.53,31.15,1.39
14-04-2020,30.1,57.4,0.04
15-04-2020,20.19,41.39,31.73
16-04-2020,24.53,55.38,1.8
17-04-2020,23.97,69.08,3.32
18-04-2020,18.47,86.42,3.05
19-04-2020,23.85,49.88,1.46
20-04-2020,23.35,44.51,2.68
21-04-2020,18.6,76.48,31.35
22-04-2020,24.92,54.89,2.21
23-04-2020,21.27,32.32,2.95
24-04-2020,27.62,82.06,3.06
25-04-2020,20.63,55.85,0.49
26-04-2020,20.78,46.93,2.76
27-04-2020,15.46,76.99,0.08
28-04-2020,24.34,73.29,6.27
29-04-2020,17.33,48.18,1.62
30-04-2020,20.26,77.82,3.84
01-05-2020,19.98,79.86,0.28
02-05-2020,23.67,30.2,1.19
03-05-2020,26.06,89.34,2.16
04-05-2020,18.66,67.95,0.69
05-05-2020,28.38,58.15,24.59
06-05-2020,22.07,64.32,0.4
07-05-2020,23.6,77.94,0.1
08-05-2020,25.71,64.89,0.23
09-05-2020,16.23,50.18,1.63
10-05-2020,28.88,50.08,6.59
11-05-2020,25.3,41.34,0.17
12-05-2020,26.77,76.13,1.77
13-05-2020,20.3,53.91,1.14
14-05-2020,16.36,72.26,4.64
15-05-2020,26.17,86.44,1.51
16-05-2020,24.72,83.5,1.59
17-05-2020,22.13,64.2,1.8
18-05-2020,24.54,66.78,0.67
19-05-2020,25.94,57.66,2.79
20-05-2020,24.69,86.71,1.11
21-05-2020,12.1,77.54,0.42
22-05-2020,19.08,84.91,0.93
23-05-2020,22.58,54.68,6.98
24-05-2020,16.87,38.9,1.71
25-05-2020,17.56,45.48,8.77
26-05-2020,19.52,69.9,1.2
27-05-2020,26.64,81.75,0.21
28-05-2020,19.69,73.93,3.54
29-05-2020,14.18,70.69,0.52
30-05-2020,24.43,42.7,1.34
31-05-2020,17.54,43.32,1.22
01-06-2020,14.62,76.38,1.9
02-06-2020,12.33,32.62,1.84
03-06-2020,12.94,72.06,0.58
04-06-2020,17.68,33.35,1.59
05-06-2020,15.75,77.88,1.44
06-06-2020,7.92,47.67,0.58
07-06-2020,13.13,50.53,0.53
08-06-2020,12.13,76.2,2.11
09-06-2020,11.15,47.3,5.55
10-06-2020,15.15,49.53,0.06
11-06-2020,16.1,32.88,5.39
12-06-2020,2.87,86.44,1.09
13-06-2020,9.7,86.69,1.09
14-06-2020,6.72,52.66,33.41
15-06-2020,10.11,47.99,2.77
16-06-2020,25.26,41.43,1.47
17-06-2020,6.99,84.03,1.48
18-06-2020,7.02,49.97,0.28
19-06-2020,13.61,56.62,0.66
20-06-2020,21.6,73.43,46.9
21-06-2020,13.01,78.84,4.12
22-06-2020,13.24,34.17,3.94
23-06-2020,9.98,71.78,3.88
24-06-2020,8.52,70.63,2.59
25-06-2020,16.64,53.68,0.23
26-06-2020,7.53,42.73,1.8
27-06-2020,6.38,75.03,38.67
28-06-2020,7.38,40.43,4.25
29-06-2020,11.34,85.39,1.28
30-06-2020,10.82,31.35,1.74
01-07-2020,1.19,52.88,2.33
02-07-2020,8.15,44.38,0.19
03-07-2020,15.16,52.91,1.89
04-07-2020,5.5,61.36,2.26
05-07-2020,10.08,56.48,0.42
06-07-2020,18.08,56.46,0.35
07-07-2020,4.01,86.59,0.86
08-07-2020,8.42,83.64,0.11
09-07-2020,7.11,38.25,1.17
10-07-2020,1.48,31.54,1.68
11-07-2020,7.13,58.15,1.44
12-07-2020,13.71,38.24,34.11
13-07-2020,7.4,54.9,26.35
14-07-2020,4.49,83.79,3.13
15-07-2020,-0.7,48.79,0.03
16-07-2020,3.16,81.62,0.24
17-07-2020,10.43,52.54,3.85
18-07-2020,8.08,35.58,2.2
19-07-2020,8.73,71.58,7.52
20-07-2020,7.52,38.77,2.32
21-07-2020,-2.78,54.14,0.5
22-07-2020,14.28,79.06,4.34
23-07-2020,-2.33,72.94,2.55
24-07-2020,3.25,81.52,1.2
25-07-2020,3.11,55.19,5.89
26-07-2020,-1.83,79.52,0.07
27-07-2020,0.18,83.85,1.76
28-07-2020,5.86,70.68,1.56
29-07-2020,1.4,81.35,1.28
30-07-2020,8.63,58.01,2.46
31-07-2020,-5.93,77.79,2.02
01-08-2020,1.84,30.23,2.04
02-08-2020,8.38,30.87,4.21
03-08-2020,0.03,59.65,6.88
04-08-2020,2.94,38.47,3.39
05-08-2020,0.89,56.36,0.02
06-08-2020,-0.79,31.5,3.52
07-08-2020,8.97,48.66,0.63
08-08-2020,6.4,72.69,0.16
09-08-2020,-2.36,49.54,0.37
10-08-2020,1.91,57.77,2.93
11-08-2020,-3.56,85.39,0.39
12-08-2020,-0.32,55.5,0.51
13-08-2020,-3.14,77.63,2.02
14-08-2020,0.58,63.33,1.54
15-08-2020,-8.14,43.71,1.31
16-08-2020,3.83,69.05,0.77
17-08-2020,-1.86,85.87,0.15
18-08-2020,-0.94,64.46,0.81
19-08-2020,-3.85,30.88,2.23
20-08-2020,-1.01,56,0.3
21-08-2020,0.55,38.98,8.39
22-08-2020,-1.91,84.7,0.44
23-08-2020,-8.37,39.08,0.05
24-08-2020,-4.57,68.27,2.02
25-08-2020,-4.16,73.46,2.37
26-08-2020,-7.78,54.49,39.26
27-08-2020,-1.33,70.09,0.6
28-08-2020,-6.27,46.12,0.94
29-08-2020,3.89,42.48,0.13
30-08-2020,-7.76,79.66,0.69
31-08-2020,-1.35,75.48,0.28
01-09-2020,3.02,49.3,2.07
02-09-2020,2.01,72.77,2.66
03-09-2020,-12.91,82.1,3.63
04-09-2020,-9.19,42.72,1.34
05-09-2020,-6.19,60.03,2.11
06-09-2020,4.11,31.24,1.31
07-09-2020,-8.83,88.71,0.02
08-09-2020,-3.62,75.5,0.36
09-09-2020,5.65,48.02,2.42
10-09-2020,3.35,59.1,4.47
11-09-2020,-3.02,86.92,0.57
12-09-2020,-11.88,66.86,3.11
13-09-2020,-6.49,41.85,0.07
14-09-2020,-4.61,61.77,0.95
15-09-2020,-7.64,63.55,3.75
16-09-2020,-4.57,88.61,9.41
17-09-2020,-8.52,50.83,1.19
18-09-2020,0.3,69.41,1.02
19-09-2020,-2.36,80.86,1
20-09-2020,1.5,62.48,4.94
21-09-2020,0.07,88.46,2.08
22-09-2020,0.06,45.97,0.12
23-09-2020,-3.43,59.97,2.08
24-09-2020,-1.12,81.42,0.05
25-09-2020,-8.45,73.49,1.95
26-09-2020,-9.1,86.04,1.92
27-09-2020,-8.12,45.43,2.41
28-09-2020,-10.96,73.74,2.24
29-09-2020,5.84,55.09,1.88
30-09-2020,-13.48,78.7,0.48
01-10-2020,-9.88,67.05,0.8
02-10-2020,2.23,45.2,0.14
03-10-2020,-5.93,35.45,1.71
04-10-2020,-7.03,84.91,41.62
05-10-2020,-9.71,82.34,1.67
06-10-2020,-9.47,30.48,0.31
07-10-2020,-2.5,60.85,2.47
08-10-2020,7.1,37.45,3.08
09-10-2020,-3.76,47.04,2.77
10-10-2020,-1.13,54.12,6.45
11-10-2020,-8.46,55.56,0.92
12-10-2020,-1.11,85.93,1.06
13-10-2020,-4.84,56.12,0.78
14-10-2020,4.05,40.79,0.18
15-10-2020,-8.01,82.44,0.15
16-10-2020,-6.91,57.13,1.35
17-10-2020,-0.17,88.44,0.29
18-10-2020,1.27,60.52,38.59
19-10-2020,-2.05,51,2.02
20-10-2020,-14.19,71.92,1.29
21-10-2020,-5.45,53.75,3.66
22-10-2020,-8.55,69.99,1.23
23-10-2020,-7.94,81.09,0.43
24-10-2020,-1.58,43.38,0.3
25-10-2020,-0.31,85.84,0.3
26-10-2020,0.27,44.32,0.55
27-10-2020,-11.71,73.09,6.33
28-10-2020,2.03,41.28,2.42
29-10-2020,-10.71,38.67,4.15
30-10-2020,1.21,70.32,0.86
31-10-2020,-5.24,45.24,0.06
01-11-2020,-0.34,71.76,2.41
02-11-2020,-0.24,41.79,0.02
03-11-2020,4.71,79.02,0.92
04-11-2020,2.77,50.48,0.41
05-11-2020,1.82,67.64,0.03
06-11-2020,-2.47,32.38,0.65
07-11-2020,-6.24,70.19,3.5
08-11-2020,1.46,81.67,0.47
09-11-2020,-0.29,41.41,1.74
10-11-2020,-0.42,55.25,1.68
11-11-2020,-1.19,71.17,2.42
12-11-2020,5.42,85.31,2.61
13-11-2020,0.48,43.08,4.31
14-11-2020,1.73,46.98,6.11
15-11-2020,10.7,72.07,0.84
16-11-2020,0.91,82.03,22.27
17-11-2020,4.23,41.88,2.94
18-11-2020,-4.4,82.63,0.42
19-11-2020,-3.66,57.57,0.01
20-11-2020,-1.79,61.89,2.2
21-11-2020,-5.47,33.76,1.65
22-11-2020,3.16,89.22,0.36
23-11-2020,-1.51,89.76,0.22
24-11-2020,-10.62,74.52,6.71
25-11-2020,9.69,64.35,0.2
26-11-2020,0.96,61.4,5.15
27-11-2020,0.23,69.14,0.52
28-11-2020,-0.89,35.62,1.92
29-11-2020,3.11,42.95,2.1
30-11-2020,6.39,50.96,6.48
01-12-2020,0.92,32.54,0.03
02-12-2020,7.1,47.23,0.51
03-12-2020,11.55,64.83,2.02
04-12-2020,-2.05,76.26,8.53
05-12-2020,-0.03,55.53,0.29
06-12-2020,-3.5,87.86,5.05
07-12-2020,1.29,74.13,0.35
08-12-2020,-4.35,54.22,0.55
09-12-2020,5.23,44.71,2.04
10-12-2020,5.37,87.8,2.41
11-12-2020,5.58,47.68,2.02
12-12-2020,6.26,87.37,2.71
13-12-2020,-3.93,30.8,3.91
14-12-2020,5.58,50.16,30.58
15-12-2020,5.82,78.78,3.33
16-12-2020,6.9,80.8,3.5
17-12-2020,2.54,75.76,3.11
18-12-2020,2.25,71.98,0.91
19-12-2020,-1.03,61.21,0.21
20-12-2020,7.06,44.61,1.28
21-12-2020,6.97,45.3,3.06
22-12-2020,22.51,83.87,5.84
23-12-2020,4.3,68.66,3.52
24-12-2020,10.05,34.69,3.63
25-12-2020,15.94,69.6,47.01
26-12-2020,2.4,87.02,2.61
27-12-2020,6.1,38.06,0
28-12-2020,9.28,89.9,0.63
29-12-2020,17.37,70.94,4.85
30-12-2020,3.84,85.35,0.12
31-12-2020,8.45,78.48,1.2
01-01-2021,10.96,55.72,1.24
02-01-2021,15.88,71.65,1.43
03-01-2021,5.17,73.54,0.78
04-01-2021,7.55,43.55,0.4
05-01-2021,10.24,57.88,43.79
06-01-2021,15.84,40.33,1.19
07-01-2021,8.98,83.37,1.94
08-01-2021,16.46,43,3.48
09-01-2021,7.62,33.13,0.92
10-01-2021,15.87,43.4,1.65
11-01-2021,6,81.06,0.1
12-01-2021,9.83,52.39,1.35
13-01-2021,13.43,48.58,0.82
14-01-2021,14.29,51.58,0.3
15-01-2021,15.49,41.83,0.37
16-01-2021,16.47,64.66,3.66
17-01-2021,12.63,35.31,8.58
18-01-2021,13.12,41.08,0.44
19-01-2021,9.27,76.23,0.8
20-01-2021,13.18,75.04,0.75
21-01-2021,11.94,43.54,1.87
22-01-2021,19.03,40.38,6.26
23-01-2021,19.1,43.38,0.75
24-01-2021,7.83,64.54,1.17
25-01-2021,21.83,74.1,0.03
26-01-2021,16.5,49.28,5.2
27-01-2021,19.3,76.42,0.69
28-01-2021,18.33,51.02,11.44
29-01-2021,17.66,39.91,1.37
30-01-2021,18.04,31.48,0.96
31-01-2021,26.61,69.89,2.51
01-02-2021,18.21,59.4,1.98
02-02-2021,18.18,46.94,0.07
03-02-2021,17.02,73.5,1.36
04-02-2021,9.9,81.32,1.75
05-02-2021,18.22,79.1,1.33
06-02-2021,14.29,78.45,0.08
07-02-2021,24.61,80.46,1.85
08-02-2021,24.9,53.01,2.64
09-02-2021,24.23,59.39,17.46
10-02-2021,27.73,48.12,3.23
11-02-2021,24.9,51.25,0.21
12-02-2021,14.9,83.02,0.4
13-02-2021,9.32,32.68,8.83
14-02-2021,14.92,67.87,3.28
15-02-2021,20.08,62.71,7.25
16-02-2021,27.39,68.08,0.09
17-02-2021,24.48,59.87,4.98
18-02-2021,23.03,70.19,0.38
19-02-2021,21.16,50.57,0.42
20-02-2021,15.69,88.67,1.61
21-02-2021,17.75,52.15,3.8
22-02-2021,24.22,40.38,3.89
23-02-2021,15.54,52.27,1.47
24-02-2021,23.69,57.27,0.05
25-02-2021,21.47,71.54,1.57
26-02-2021,22.16,39.3,0.48
27-02-2021,18.97,82.38,4.19
28-02-2021,24.68,73.98,0.01
01-03-2021,23.49,85.38,1.27
02-03-2021,29.35,30.98,2.95
03-03-2021,21.61,36.07,1.04
04-03-2021,25.98,49.25,5.98
05-03-2021,27.07,78.43,1.06
06-03-2021,27.9,74.12,0.09
07-03-2021,32.67,69.63,4.59
08-03-2021,22.9,61.45,3.14
09-03-2021,19.21,30.41,1.27
10-03-2021,24.07,84.89,0.54
11-03-2021,28.77,46.49,3.34
12-03-2021,17.85,56.45,1.09
13-03-2021,22.88,46.09,0.77
14-03-2021,26.52,86.16,0.53
15-03-2021,26.59,41.26,4.1
16-03-2021,27.64,89.39,0.48
17-03-2021,15.08,58.95,6.1
18-03-2021,27.47,62.97,37.99
19-03-2021,29.49,89.45,0.52
20-03-2021,18.5,87.1,43.56
21-03-2021,26.93,62.22,0.83
22-03-2021,28.05,50.56,0.23
23-03-2021,24.6,39.18,0.97
24-03-2021,21.43,52.26,2.74
25-03-2021,25.71,47.55,1.53
26-03-2021,25.53,39.82,1.17
27-03-2021,28.92,66.09,1.5
28-03-2021,20.75,42.62,0.09
29-03-2021,26.02,53.35,13.06
30-03-2021,28.81,85.88,1.54
31-03-2021,31.01,79.54,0.17
01-04-2021,26.76,57.96,1.89
02-04-2021,22.5,51.02,0.35
03-04-2021,18.11,39.42,40
04-04-2021,22.88,49.83,2.84
05-04-2021,20.11,85.99,2.32
06-04-2021,28.36,88.77,5.71
07-04-2021,26.61,73.9,1.99
08-04-2021,20.12,37.21,2.47
09-04-2021,27,87.98,2.12
10-04-2021,28.21,57.37,2.37
11-04-2021,27.59,34.63,0.42
12-04-2021,25.07,30.74,3.2
13-04-2021,20.63,72.37,8.71
14-04-2021,27.21,51.73,3.22
15-04-2021,19.18,61.25,1.21
16-04-2021,31.1,58.48,1.5
17-04-2021,16.64,79.73,0.14
18-04-2021,18.27,68.76,1.06
19-04-2021,15.56,41.77,0.12
20-04-2021,27.73,72.91,1.9
21-04-2021,23.8,78.77,1.5
22-04-2021,27.75,79.51,0.62
23-04-2021,27.1,82.04,5.26
24-04-2021,21.73,46.57,2.34
25-04-2021,13.07,73.61,58.91
26-04-2021,26.21,38.95,1.72
27-04-2021,24.86,35.31,0.57
28-04-2021,18.72,72.37,3.64
29-04-2021,20.18,49.94,0.1
30-04-2021,28.54,82.27,0.56
01-05-2021,29.65,59.96,0.03
02-05-2021,28.76,33.49,2.05
03-05-2021,26.77,45.36,0.1
04-05-2021,32.48,47.89,2.16
05-05-2021,42.3,44.95,0.73
06-05-2021,25.18,87.54,2.49
07-05-2021,17.8,82.16,3.68
08-05-2021,20.94,80.39,0.45
09-05-2021,17.6,52.25,0
10-05-2021,25.17,53.85,1.69
11-05-2021,15.66,68.64,1.97
12-05-2021,21.86,65.8,6.15
13-05-2021,15.6,38.04,0.08
14-05-2021,21.46,65.88,2.93
15-05-2021,14.54,30.15,1.16
16-05-2021,26.58,65.84,1.4
17-05-2021,17.49,40.83,1.36
18-05-2021,28.05,74.72,5.42
19-05-2021,24.69,85.73,0.88
20-05-2021,15.8,30.14,1.97
21-05-2021,15.3,80.3,1.56
22-05-2021,18.38,53.57,1.09
23-05-2021,18.03,84,1.03
24-05-2021,17.35,70.09,2.59
25-05-2021,31.28,73.01,3.22
26-05-2021,7.97,80.27,5.89
27-05-2021,13.74,73.75,0.62
28-05-2021,16.54,83.5,0.18
29-05-2021,13.54,72.01,1.19
30-05-2021,13.14,80.05,0.34
31-05-2021,19.88,86.48,2.93
01-06-2021,6.31,33.26,1.07
02-06-2021,13.57,78.85,0.68
03-06-2021,18.54,45.7,0.1
04-06-2021,17.29,63.28,0.09
05-06-2021,17.56,61.11,5.48
06-06-2021,15.49,75.82,0.86
07-06-2021,13.99,53.78,0.33
08-06-2021,11.64,75.15,2.14
09-06-2021,24.51,35.65,0.71
10-06-2021,17.24,57.73,0.26
11-06-2021,14.98,35,1.17
12-06-2021,22.17,81.67,16.22
13-06-2021,24.73,61.37,2.62
14-06-2021,18.77,79.93,3.99
15-06-2021,15.62,59.76,0.13
16-06-2021,12.4,49.91,0.63
17-06-2021,15.98,33.68,0.17
18-06-2021,6.02,85.59,0.39
19-06-2021,6.73,52.59,4.71
20-06-2021,21.96,70.67,0.21
21-06-2021,12.87,85.68,0.78
22-06-2021,16.73,55.87,0.14
23-06-2021,8.47,51.78,0.48
24-06-2021,11.03,86.44,7.55
25-06-2021,5.24,56.97,2.1
26-06-2021,6.65,64.3,0.6
27-06-2021,8.08,51.13,3.02
28-06-2021,8.62,52.69,1.82
29-06-2021,14.3,53.59,2.14
30-06-2021,9.68,61.47,0.26
01-07-2021,15.65,65.37,16.44
02-07-2021,9.44,63.94,2.97
03-07-2021,3.99,34.51,2.73
04-07-2021,8.9,44.01,0.52
05-07-2021,16.45,47.47,0.57
06-07-2021,8.13,57.73,0.81
07-07-2021,11.35,69.24,0.25
08-07-2021,3.85,66.37,0.07
09-07-2021,-2.15,88.74,4.3
10-07-2021,20.69,37.56,3.42
11-07-2021,6.91,78.4,2.66
12-07-2021,6.93,79.83,1.59
13-07-2021,4.64,50.6,0.72
14-07-2021,7.34,76.57,1.26
15-07-2021,3.78,58.27,0.12
16-07-2021,2.01,32.41,37.26
17-07-2021,0.96,53.34,0.74
18-07-2021,7.64,40.1,4.13
19-07-2021,3.98,37.97,19.55
20-07-2021,-1.16,56.7,0.23
21-07-2021,1.78,42.44,0.06
22-07-2021,7.85,64.69,3.14
23-07-2021,1.34,65.45,2.27
24-07-2021,11.04,87.26,1.25
25-07-2021,7.04,68.28,5.13
26-07-2021,14.29,64.95,2.67
27-07-2021,-3.45,52.82,2.82
28-07-2021,2.55,62.19,1.33
29-07-2021,-0.97,78.17,0.05
30-07-2021,5.12,33.66,1.48
31-07-2021,3.08,76.5,0.21
01-08-2021,0.58,79.32,3.62
02-08-2021,0.84,72.97,2.55
03-08-2021,-0.47,70.1,5.21
04-08-2021,3.19,46.53,4.58
05-08-2021,-2.38,78.09,0.17
06-08-2021,-2.3,89.49,4.3
07-08-2021,-0.05,65.73,1.17
08-08-2021,2.95,52.94,1.49
09-08-2021,0.37,54.25,2.3
10-08-2021,-2.82,64.34,0.41
11-08-2021,2.59,82.47,1.76
12-08-2021,9.82,56.51,4.37
13-08-2021,-1.34,44.16,0.37
14-08-2021,5.27,84.05,2.59
15-08-2021,5.4,77.19,0.99
16-08-2021,-2.22,37.43,3.81
17-08-2021,6.02,40.73,2
18-08-2021,1.65,34.59,3.82
19-08-2021,-3.15,69.47,0.52
20-08-2021,8.51,41.78,3.7
21-08-2021,-10.02,66.2,2.16
22-08-2021,-2.74,39.88,1.04
23-08-2021,-3.03,86.35,1.99
24-08-2021,-5.01,55.93,1.99
25-08-2021,-1.03,85.06,2.09
26-08-2021,-8.36,58.9,15.05
27-08-2021,4.19,78.94,3.29
28-08-2021,-10,86.37,2.85
29-08-2021,0.26,89.5,2.27
30-08-2021,-6.14,73.21,0.68
31-08-2021,-0.84,81.33,1.34
01-09-2021,-6.81,73.94,0.03
02-09-2021,2.87,88.43,0.64
03-09-2021,-13.24,49.83,0.19
04-09-2021,-11.99,86.09,0.18
05-09-2021,-10.37,57.68,1.52
06-09-2021,-0.43,47.24,2.39
07-09-2021,-4.96,76.79,0.38
08-09-2021,-0.06,39.58,1.25
09-09-2021,-10.81,36.38,3.92
10-09-2021,-2.18,55.5,2.97
11-09-2021,-9.89,68.52,0.74
12-09-2021,7.3,48.65,5.02
13-09-2021,-8.82,66.06,0.92
14-09-2021,-0.37,38.22,1.56
15-09-2021,-1.42,80.2,1.19
16-09-2021,-0.52,40.26,1.1
17-09-2021,0.17,86.63,4.33
18-09-2021,-7.72,87.07,0.22
19-09-2021,0.63,48.56,2.21
20-09-2021,-3.43,35.6,1.35
21-09-2021,-14.7,67.87,4.36
22-09-2021,-1.08,67.71,2.45
23-09-2021,-4.34,48.16,0.48
24-09-2021,-6.01,63.49,0.55
25-09-2021,-10.35,57.88,0.34
26-09-2021,0.77,55.42,3.74
27-09-2021,-5.76,84.09,2.68
28-09-2021,-7.09,85.37,3.84
29-09-2021,-8.12,43.17,0.95
30-09-2021,-3.68,89.56,0.92
01-10-2021,-0.89,67.91,2.67
02-10-2021,-1.03,87.47,0.98
03-10-2021,-5.27,41,2.87
04-10-2021,-8.98,39.78,3.36
05-10-2021,-1.33,39.73,0.17
06-10-2021,-9.05,57.25,6.08
07-10-2021,-1.27,79.29,2.96
08-10-2021,-7.29,32.16,0.18
09-10-2021,-0.89,73.04,0.95
10-10-2021,-6.45,32.7,1.1
11-10-2021,-0.24,81.39,1.88
12-10-2021,-13.49,81.94,0.09
13-10-2021,-0.86,78.12,2.36
14-10-2021,-6.5,88.79,2.52
15-10-2021,-0.95,60.8,1.06
16-10-2021,-3.01,65.23,1.95
17-10-2021,-15.28,67.57,1.3
18-10-2021,7.89,43.59,12.21
19-10-2021,-8.1,61.79,1.35
20-10-2021,-5.04,78.01,2.75
21-10-2021,2.38,34.78,0.62
22-10-2021,2.77,39.89,0.65
23-10-2021,-12.1,43.05,45.58
24-10-2021,-2.89,64.68,0.75
25-10-2021,0.41,32.54,0.11
26-10-2021,-6.51,59.05,0.03
27-10-2021,0.27,62.18,0.84
28-10-2021,-3.09,30.43,1.47
29-10-2021,-1.67,57.63,30.59
30-10-2021,-11.5,88.2,0.13
31-10-2021,-1.57,81.8,0.29
01-11-2021,-7.15,34.69,0.14
02-11-2021,-9.27,57.07,4.28
03-11-2021,-1.31,74.66,0.16
04-11-2021,-4.82,30.38,1.46
05-11-2021,-3.77,79.93,15.21
06-11-2021,-3.99,52.12,1.84
07-11-2021,6.82,63.39,0.71
08-11-2021,-8.43,36.11,0.21
09-11-2021,1.21,60.91,2.03
10-11-2021,0.97,85.56,1.17
11-11-2021,-1.31,31.41,1.35
12-11-2021,-8.53,34.6,0.17
13-11-2021,-11.37,32.18,5.2
14-11-2021,-5.41,46.53,0.05
15-11-2021,4.74,70.29,14.66
16-11-2021,1.32,74.31,0.13
17-11-2021,-9.33,43.58,2.66
18-11-2021,13.69,59.83,3.5
19-11-2021,-4.92,63.8,1.76
20-11-2021,0.83,50.9,2.13
21-11-2021,-1.03,67.69,0.14
22-11-2021,-0.36,60.06,14.88
23-11-2021,-0.64,81.55,0.28
24-11-2021,0.73,59.2,0.2
25-11-2021,-0.08,81.17,31.33
26-11-2021,-0.59,43.76,3.43
27-11-2021,8.5,80.48,3.46
28-11-2021,-1.88,57.59,46.43
29-11-2021,2.36,48.46,0.38
30-11-2021,-0.26,80.67,2.15
01-12-2021,-1.41,50.21,0.38
02-12-2021,-2.17,58.4,0.14
03-12-2021,3.15,60,0.12
04-12-2021,8.83,54.71,3.37
05-12-2021,-3.36,53.74,4.43
06-12-2021,-1.65,62.44,0.48
07-12-2021,0.46,46.33,1.26
08-12-2021,-4.24,80.88,3.71
09-12-2021,16.17,89.21,43.64
10-12-2021,3.14,38.8,1.87
11-12-2021,5.12,89.9,4.54
12-12-2021,7.15,37.32,4.85
13-12-2021,3.26,79.52,3.99
14-12-2021,9.51,64.22,2.24
15-12-2021,-3.37,40.99,0.12
16-12-2021,-0.31,73.68,2.96
17-12-2021,9.14,65.29,3.67
18-12-2021,5.48,30.68,26.95
19-12-2021,13.19,46.23,3.76
20-12-2021,4.93,50.06,2.37
21-12-2021,6.83,78.39,1.34
22-12-2021,2.59,56.29,2.01
23-12-2021,3.37,65.54,2.24
24-12-2021,4.52,47.99,19.98
25-12-2021,7.27,55.27,1.31
26-12-2021,13.97,67.35,2.15
27-12-2021,13.09,41.03,0.61
28-12-2021,15.54,54.24,0.49
29-12-2021,2.82,59.94,5.85
30-12-2021,15.8,68.89,2.58
31-12-2021,11.1,87.24,0.37
01-01-2022,4.89,87.43,1.06
02-01-2022,4.46,52.62,1.2
03-01-2022,14.9,45.95,0.72
04-01-2022,14.05,63.09,0.05
05-01-2022,16.85,75.66,1.3
06-01-2022,6.24,52.28,0.35
07-01-2022,4.23,35.51,1.55
08-01-2022,13.19,43.28,4.24
09-01-2022,8.65,70.79,2.38
10-01-2022,7.83,87.22,1.12
11-01-2022,10.77,38.62,0.64
12-01-2022,12.73,39.1,4.48
13-01-2022,18.18,82.78,0.07
14-01-2022,4.45,65.5,0.79
15-01-2022,12.27,83.91,0.4
16-01-2022,18.24,55.1,0.2
17-01-2022,14.32,84.92,2.03
18-01-2022,17.55,41.82,2.13
19-01-2022,12.79,57.28,1.05
20-01-2022,13.86,40.11,5.74
21-01-2022,9.63,86.57,3.01
22-01-2022,20.82,61.23,0.7
23-01-2022,15.77,51.5,0.47
24-01-2022,13.86,59.28,0.01
25-01-2022,11.94,61.98,3.09
26-01-2022,25.03,51.76,0.26
27-01-2022,20.05,74.42,2.69
28-01-2022,18.59,50.53,0.63
29-01-2022,13.13,80.92,1.65
30-01-2022,17.67,86.07,1.69
31-01-2022,20.22,41.95,1.15
01-02-2022,13.6,49.91,3.65
02-02-2022,13.95,57.37,0.32
03-02-2022,12.98,56.9,4.65
04-02-2022,17.59,30.97,0.89
05-02-2022,16.73,64.14,2.25
06-02-2022,13.83,63.72,1.72
07-02-2022,16.94,85.53,3.82
08-02-2022,21.93,57.13,0.42
09-02-2022,13.07,47.56,0.16
10-02-2022,13.69,65.5,1.12
11-02-2022,16.53,74.07,43.53
12-02-2022,21.87,74.83,0.11
13-02-2022,19.04,74.24,0.82
14-02-2022,22.01,41.55,1.35
15-02-2022,16.6,31.19,2.9
16-02-2022,22.65,33.79,9.84
17-02-2022,21.09,87.95,0.83
18-02-2022,12.09,55.26,0.23
19-02-2022,20.05,80.3,0.19
20-02-2022,14.32,82.52,4
21-02-2022,24.32,65.13,31.09
22-02-2022,22.89,76.74,0.85
23-02-2022,32.86,42.67,0.66
24-02-2022,17.81,54.82,0.18
25-02-2022,22.78,65,2.82
26-02-2022,19.77,47.05,0.18
27-02-2022,20.28,61.69,0.47
28-02-2022,23.25,38.98,2.44
01-03-2022,28.34,80.67,2.64
02-03-2022,22.62,52.09,7.58
03-03-2022,26.1,81.26,0.07
04-03-2022,20.22,51.8,2.46
05-03-2022,27.32,66.32,0.31
06-03-2022,24.67,73.33,2.77
07-03-2022,23.53,85.93,1.58
08-03-2022,22.51,44.6,11.32
09-03-2022,24.65,37.68,3.65
10-03-2022,26.37,71.74,0.6
11-03-2022,20.88,84.09,1.45
12-03-2022,20.06,38,0.32
13-03-2022,27.08,34.23,4.39
14-03-2022,33.34,30.95,0.15
15-03-2022,28.68,85.09,0.73
16-03-2022,22.62,86.35,3.51
17-03-2022,28.11,59.7,0.72
18-03-2022,28.9,52.42,0.87
19-03-2022,13.77,62.86,1
20-03-2022,24.83,45.47,0.73
21-03-2022,23.58,70.36,1.5
22-03-2022,19.09,50.44,11.45
23-03-2022,17.29,89.48,0.34
24-03-2022,31.97,39.26,1.87
25-03-2022,25.86,33.12,3.76
26-03-2022,30.12,57.36,1.87
27-03-2022,26.12,59.46,1.07
28-03-2022,27.04,59.24,2.27
29-03-2022,20.59,56.41,0.13
30-03-2022,22.55,33.16,0.13
31-03-2022,22.74,65.52,5.12
01-04-2022,22.41,59.26,5.32
02-04-2022,24.55,84.94,2.1
03-04-2022,23.41,47.48,2.27
04-04-2022,18.8,54.14,2.24
05-04-2022,26.53,44.52,1.59
06-04-2022,31.41,30.99,1.97
07-04-2022,24.97,80.24,3.02
08-04-2022,20.01,30,5.11
09-04-2022,22.56,89.45,0.8
10-04-2022,29.35,89.18,3.85
11-04-2022,32.84,67.09,10.37
12-04-2022,29.81,48.99,1.95
13-04-2022,21.49,53.83,0.87
14-04-2022,26.52,52.83,3.98
15-04-2022,20.56,85.41,8.4
16-04-2022,30.43,34.84,1.81
17-04-2022,30.59,55.35,1.83
18-04-2022,25.73,87.49,0.3
19-04-2022,30.75,68.2,1.68
20-04-2022,23.25,75.53,0.58
21-04-2022,19.76,78.53,1.02
22-04-2022,28.7,32.26,0.48
23-04-2022,27.33,78.46,0.1
24-04-2022,26.03,54.52,12.74
25-04-2022,21.89,80.1,0.66
26-04-2022,34.05,79.81,0.07
27-04-2022,17.35,44.43,0.02
28-04-2022,28.85,86.47,3.38
29-04-2022,19.64,76.64,0.95
30-04-2022,25.41,31.34,1.5
01-05-2022,25.56,87.42,0.4
02-05-2022,23.07,63.47,0.47
03-05-2022,32.8,53.47,0.69
04-05-2022,32.59,45.77,3.46
05-05-2022,24.96,42.27,1.6
06-05-2022,27.12,53.47,0.57
07-05-2022,20.25,56.66,0.9
08-05-2022,21.28,38.58,0.79
09-05-2022,32.16,41.13,0.6
10-05-2022,21.24,72.03,2.14
11-05-2022,17.07,47.38,0.7
12-05-2022,25.58,33.38,1.17
13-05-2022,13.6,78.15,0.77
14-05-2022,15.62,38.43,7.51
15-05-2022,11.78,74.71,3.95
16-05-2022,23.83,40.05,3.87
17-05-2022,24.97,61.19,0.02
18-05-2022,24.6,30.39,0.49
19-05-2022,14.63,85.01,1.97
20-05-2022,23.81,45.29,0.58
21-05-2022,12.46,66.74,1.97
22-05-2022,14.45,75.6,3.03
23-05-2022,15.95,34.47,3.97
24-05-2022,25.84,48.22,7.18
25-05-2022,18.91,88.52,0.35
26-05-2022,11.98,77.34,0.1
27-05-2022,18.06,88.46,5.65
28-05-2022,11.74,72.7,0.24
29-05-2022,11.89,44.6,1.49
30-05-2022,18.36,30.44,12.43
31-05-2022,18.96,40.36,1.79
01-06-2022,22.86,33,1.02
02-06-2022,6.29,67.81,1.17
03-06-2022,20.73,43.83,2.3
04-06-2022,11.66,71.49,0.59
05-06-2022,22.21,57.19,0.82
06-06-2022,25.83,46.87,0.38
07-06-2022,13.91,38.69,6.61
08-06-2022,12.24,65.11,3.52
09-06-2022,12.85,50.22,10.67
10-06-2022,7.53,45.77,2.8
11-06-2022,6.64,58.44,2.34
12-06-2022,14.23,69.37,0
13-06-2022,13.92,56.85,1.56
14-06-2022,11.81,43.34,5.2
15-06-2022,10.83,83.31,5.44
16-06-2022,9.73,62.1,0.73
17-06-2022,8.7,68.29,2.88
18-06-2022,18.26,85.84,1.67
19-06-2022,17.63,41.02,1.34
20-06-2022,2.49,84.63,0.11
21-06-2022,13.54,52.97,3.3
22-06-2022,15.25,36.06,4.05
23-06-2022,17.84,66.56,2.52
24-06-2022,15.05,63.15,4
25-06-2022,17.66,48.62,4.32
26-06-2022,6.67,57.19,1.79
27-06-2022,3.16,66.31,0.06
28-06-2022,1.82,50.54,4.94
29-06-2022,3.42,38.57,2.34
30-06-2022,7.56,58.99,3.57
01-07-2022,11.23,88.08,1.14
02-07-2022,14.24,57.89,2.6
03-07-2022,5.54,37.27,1.16
04-07-2022,6,50.3,2.42
05-07-2022,3.8,40.77,0.16
06-07-2022,3.01,78.77,5.98
07-07-2022,2.99,53.99,0.35
08-07-2022,4.5,74.52,1.34
09-07-2022,5.05,78.61,5.77
10-07-2022,9.71,45.84,0.72
11-07-2022,8.76,89.1,1.67
12-07-2022,4.82,45.42,0.34
13-07-2022,4.12,80.11,0.69
14-07-2022,3.36,79.36,2.44
15-07-2022,2.47,63.51,0.91
16-07-2022,16.67,73.36,4.07
17-07-2022,5.93,36.85,0.11
18-07-2022,13.47,71.3,1.15
19-07-2022,1.89,87.07,2.5
20-07-2022,14.59,65.8,3.18
21-07-2022,4.06,34.92,0.04
22-07-2022,4.33,81.91,0.81
23-07-2022,3.58,53.87,3.17
24-07-2022,-2.84,52.16,1.84
25-07-2022,7.79,81.93,4.96
26-07-2022,1.77,30.87,0.28
27-07-2022,0.29,87.97,0.69
28-07-2022,-4.28,52.69,0.82
29-07-2022,6.94,80.38,3.2
30-07-2022,12.98,79.74,1.35
31-07-2022,3.27,48.18,0.39
01-08-2022,11.7,49.27,1.35
02-08-2022,3.74,38.43,5.3
03-08-2022,0.85,30.66,0.86
04-08-2022,-0.96,85.77,2.13
05-08-2022,3.43,63.78,1.11
06-08-2022,-4.04,89.59,1.45
07-08-2022,10.63,53.64,0.87
08-08-2022,-0.8,67.76,0.94
09-08-2022,9.05,41.92,5.93
10-08-2022,0.77,33.03,0.46
11-08-2022,2.58,64.58,0.95
12-08-2022,2.39,55.76,0.31
13-08-2022,-2.38,49.14,0.29
14-08-2022,-4.88,36.96,48.56
15-08-2022,1.43,62.03,0.29
16-08-2022,-2.33,85.84,0.9
17-08-2022,3.03,88.55,1.67
18-08-2022,3.82,51.24,11.44
19-08-2022,-8.58,43.44,2.38
20-08-2022,6.85,69.96,1.22
21-08-2022,-7.59,36.89,1.19
22-08-2022,-7.82,87.55,1.5
23-08-2022,2.66,79.91,4.99
24-08-2022,-3.25,61.5,12.98
25-08-2022,-0.46,89.45,0.99
26-08-2022,-9.13,66.91,6.72
27-08-2022,-3.89,88.79,2.58
28-08-2022,1.97,78.77,1.16
29-08-2022,-3.77,64.73,6.11
30-08-2022,0.71,57.7,3.12
31-08-2022,6.74,34.57,0.63
01-09-2022,-11.31,83.88,0.72
02-09-2022,-9.66,82.33,0.62
03-09-2022,1.96,40.42,1.71
04-09-2022,-6.42,60.8,4.25
05-09-2022,-7.31,72.8,6.07
06-09-2022,-0.05,51.25,1.7
07-09-2022,-4.17,33.89,2.47
08-09-2022,-7.19,84.18,0.76
09-09-2022,-5.27,38.96,1.6
10-09-2022,3.51,45.35,8.48
11-09-2022,-12.41,42.52,39.62
12-09-2022,-4.73,70.89,1.56
13-09-2022,-13.99,81.55,3.86
14-09-2022,-10.22,71.97,1.04
15-09-2022,11.29,62.39,1.16
16-09-2022,6.44,67,2.1
17-09-2022,-0.4,32.76,0.11
18-09-2022,-10.45,87.42,2.08
19-09-2022,1.86,60.44,0.73
20-09-2022,-7.92,84.3,1.59
21-09-2022,-2.53,66.65,1.46
22-09-2022,-2.38,83.27,0.97
23-09-2022,-9.35,73.43,5.77
24-09-2022,-7.13,87.06,6.01
25-09-2022,-6.63,45.72,0.23
26-09-2022,-0.92,60.81,4.89
27-09-2022,-11.48,87.57,2.13
28-09-2022,-5.7,54.44,1.11
29-09-2022,-0.95,55.83,1.12
30-09-2022,-2.64,79.55,1.03
01-10-2022,2.99,86.12,0.39
02-10-2022,-18.91,77.8,0.82
03-10-2022,0.39,75.62,0.63
04-10-2022,-0.44,45.22,1.84
05-10-2022,-4.26,32.56,0
06-10-2022,-13.12,75.61,1.24
07-10-2022,-0.71,32.03,0.5
08-10-2022,-9.98,83.76,1.6
09-10-2022,-5.55,73.83,0.51
10-10-2022,-0.35,43.04,1.28
11-10-2022,-12.48,63.82,0.3
12-10-2022,-2.19,68.76,0.07
13-10-2022,-5.1,53.51,0.85
14-10-2022,4.23,51.54,3.75
15-10-2022,0.62,85.91,1.65
16-10-2022,-5.69,89.22,0.61
17-10-2022,5.82,77.13,2.03
18-10-2022,3.49,64.14,1.56
19-10-2022,-5.89,56.06,0.18
20-10-2022,5.05,75.04,1.47
21-10-2022,-3.17,51.89,1.99
22-10-2022,4.5,81.18,2.27
23-10-2022,-6.98,38.96,0.24
24-10-2022,-3.16,39.18,0.68
25-10-2022,-2.02,78.55,0.44
26-10-2022,-3.73,54.05,0.71
27-10-2022,-11.38,43.8,2.73
28-10-2022,4.77,75.63,6.55
29-10-2022,-4.67,80.83,3.4
30-10-2022,-7.4,58.8,2.09
31-10-2022,-1.81,39.83,1.05
01-11-2022,-7.93,35.23,0.04
02-11-2022,-2.89,84.37,2.43
03-11-2022,-1.54,89.15,0.18
04-11-2022,-4.3,34.36,9.22
05-11-2022,-0.85,75.8,0.24
06-11-2022,-4.03,56.99,1.23
07-11-2022,3.16,59.63,0.91
08-11-2022,7.25,84.79,0.25
09-11-2022,-1.51,67.01,2.21
10-11-2022,-6.46,59.42,3.86
11-11-2022,-4.41,49.84,1.3
12-11-2022,-3.44,52.89,1.16
13-11-2022,1.78,50.66,1.07
14-11-2022,-4.69,84.97,37.61
15-11-2022,-2.17,51.71,1.43
16-11-2022,-0.82,35.19,2.34
17-11-2022,-3.88,48.66,20.04
18-11-2022,6.39,89.95,1.16
19-11-2022,7.44,68.66,3.04
20-11-2022,7.77,78.59,0.21
21-11-2022,-8.34,64.55,0.11
22-11-2022,5.31,41.5,1.76
23-11-2022,1.77,48.84,2.28
24-11-2022,-3.45,89.33,5.96
25-11-2022,-5.85,43.84,0.83
26-11-2022,11.28,75.24,0.1
27-11-2022,-5.79,43.02,1.59
28-11-2022,2.5,40.6,0.19
29-11-2022,0.54,34.62,4.03
30-11-2022,1.87,89.73,26.97
01-12-2022,-2.16,50.76,0.18
02-12-2022,-0.89,85.68,0.29
03-12-2022,11.68,48.29,3.36
04-12-2022,-4.97,56.74,0.71
05-12-2022,7.53,32.38,2.81
06-12-2022,4.63,65.8,35.94
07-12-2022,8.81,51.53,2.08
08-12-2022,2.38,69.18,0.81
09-12-2022,5.43,61.2,0.76
10-12-2022,4.82,53.39,0.99
11-12-2022,6.8,37.67,0.39
12-12-2022,8.46,42.57,1.47
13-12-2022,4.18,88.99,0.06
14-12-2022,14.77,66.3,0.22
15-12-2022,10.16,59.76,0.22
16-12-2022,3.5,49.19,0.63
17-12-2022,3.8,78.67,1.06
18-12-2022,-0.23,76.6,7.93
19-12-2022,1.29,69.96,2.88
20-12-2022,6.79,61.83,3.65
21-12-2022,-1.42,48.59,1.31
22-12-2022,13.67,64.9,46.72
23-12-2022,5.9,52.34,4.15
24-12-2022,8.6,49.69,1.2
25-12-2022,14.19,38.23,0.71
26-12-2022,7.16,53.39,1.91
27-12-2022,11.07,72.14,1.94
28-12-2022,7.02,33.59,1.07
29-12-2022,9.08,53.47,0.03
30-12-2022,3.59,75.71,0.02
31-12-2022,8.56,50.79,4.21
